coinpair,length_in_days,balance,config_length,config_multiplier,no_of_orders,number_of_profit_order,average_profit,number_of_loss_order,average_loss
ada,1041.6666666666665,-374.7267256891172,2,2.0,2551,627,2.6114852579278267,1924,-1.5655550844126116
ada,1041.6666666666665,-1.6721752415851014,2,2.5,1926,486,3.2061575083090497,1440,-1.7776838363054057
ada,1041.6666666666665,211.8908028897531,2,3.0,1519,409,3.376114211713238,1110,-1.953999918649516
ada,1041.6666666666665,499.48651897474224,2,3.5,1227,342,3.8355499606145873,885,-2.0477644831135002
ada,1041.6666666666665,671.3403879288782,2,4.0,1026,304,4.219468843245689,722,-2.231825679249048
ada,1041.6666666666665,771.8432950534789,2,4.5,883,273,4.390485950396513,610,-2.3389497859094575
ada,1041.6666666666665,884.3985292554082,2,5.0,765,246,4.732852453728129,519,-2.466056212642988
ada,1041.6666666666665,973.5429437452952,2,5.5,666,211,5.399573190635673,455,-2.5621252735798508
ada,1041.6666666666665,999.1221136400934,2,6.0,599,184,5.947897127349614,415,-2.6392553199812894
ada,1041.6666666666665,972.4497916244527,2,6.5,550,176,5.8906554104034825,374,-2.8457367930656674
ada,1041.6666666666665,996.2393706292776,2,7.0,491,164,6.116322093199789,327,-3.0790136166834516
ada,1041.6666666666665,1041.322008506744,2,7.5,439,153,6.279975639749999,286,-3.2150848404720533
ada,1041.6666666666665,1088.9334369883506,2,8.0,406,146,6.352383919310304,260,-3.2250562124267463
ada,1041.6666666666665,1096.6240117231282,2,8.5,377,137,6.591682205955066,240,-3.3601518770529877
ada,1041.6666666666665,1107.398720070116,2,9.0,349,130,6.764276125803108,219,-3.5249186131702688
ada,1041.6666666666665,1076.0904723090464,2,9.5,327,125,6.60733606019917,202,-3.7120125505735198
ada,1041.6666666666665,1122.6287893617784,2,10.0,308,117,7.073380126394517,191,-3.690872698567435
ada,1041.6666666666665,1118.9142471844864,2,10.5,286,106,7.420239753091224,180,-3.7090620369065745
ada,1041.6666666666665,1146.994944764485,2,11.0,266,94,8.34955126137701,172,-3.7085050802613617
ada,1041.6666666666665,1128.8270066345701,2,11.5,255,89,8.483792069815433,166,-3.7724728167409833
ada,1041.6666666666665,1138.2683590333675,2,12.0,240,86,8.563968613563931,154,-3.884629491773567
ada,1041.6666666666665,1178.5650444679702,2,12.5,224,77,9.790414236568582,147,-3.9135840254953096
ada,1041.6666666666665,1145.6114472383929,2,13.0,219,76,9.488507456366413,143,-4.024581254863312
ada,1041.6666666666665,1159.4664004249491,2,13.5,209,71,10.184599178544387,138,-4.084348849650008
ada,1041.6666666666665,1195.0976502414933,2,14.0,198,65,11.667618295334407,133,-4.235319841768735
ada,1041.6666666666665,1196.9966010871874,2,14.5,189,66,11.208125239188535,123,-4.412517599180932
ada,1041.6666666666665,1189.4358028056904,2,15.0,181,64,11.147422744136513,117,-4.478626092470483
ada,1041.6666666666665,1169.2783556704112,2,15.5,176,57,12.58541350480518,119,-4.6058001185166715
ada,1041.6666666666665,1178.9765731461875,2,16.0,169,54,12.99662927688818,115,-4.54644702439803
ada,1041.6666666666665,1171.536840736018,2,16.5,162,52,13.146818754136895,110,-4.655433949810002
ada,1041.6666666666665,1154.4014742502673,2,17.0,159,51,13.161626268112617,108,-4.785569124291445
ada,1041.6666666666665,1225.8464193713965,2,17.5,148,47,14.889862970150936,101,-4.692842972531647
ada,1041.6666666666665,1262.7159382246323,2,18.0,141,47,14.979454451502146,94,-4.694876819106047
ada,1041.6666666666665,1230.0352129072521,2,18.5,137,46,14.823073933184935,91,-4.965122945266536
ada,1041.6666666666665,1215.5220403732526,2,19.0,132,45,14.768670610327177,87,-5.1617027251893175
ada,1041.6666666666665,-257.16654349478955,3,2.0,2380,588,2.727523469746691,1792,-1.5965124685858505
ada,1041.6666666666665,69.34568002350176,3,2.5,1771,451,3.341864249804741,1320,-1.8468447701806354
ada,1041.6666666666665,370.64355028618684,3,3.0,1370,370,3.665398088009746,1000,-1.9855537422774199
ada,1041.6666666666665,591.55965962819,3,3.5,1102,317,4.078961357848247,785,-2.167479096572874
ada,1041.6666666666665,722.0095227564705,3,4.0,912,277,4.428434310640061,635,-2.369553986284768
ada,1041.6666666666665,897.9275494117544,3,4.5,760,247,4.705666012892461,513,-2.464662681818096
ada,1041.6666666666665,1000.9492236299103,3,5.0,659,208,5.591114466009273,451,-2.576502406430194
ada,1041.6666666666665,995.8530999636425,3,5.5,580,184,5.9798979647573685,396,-2.7890104180598767
ada,1041.6666666666665,1006.9830797055768,3,6.0,521,171,6.011585212678437,350,-2.9171371190355346
ada,1041.6666666666665,1000.7742138414295,3,6.5,471,156,6.407972043863096,315,-3.171014047622903
ada,1041.6666666666665,1025.8921872098213,3,7.0,418,151,6.1655484979697786,267,-3.389908749002308
ada,1041.6666666666665,1075.1749799023655,3,7.5,382,135,6.732944833149193,247,-3.3755974598088128
ada,1041.6666666666665,1071.9330911332822,3,8.0,357,127,6.870201513531886,230,-3.48079348297942
ada,1041.6666666666665,1013.6348718645108,3,8.5,336,119,6.908107122963182,217,-3.7254832984705404
ada,1041.6666666666665,1094.7003608443918,3,9.0,305,109,7.681468449217268,196,-3.7886719393892347
ada,1041.6666666666665,1168.5535711376904,3,9.5,276,99,8.115104538001432,177,-3.586676712567523
ada,1041.6666666666665,1160.2281209817374,3,10.0,258,90,8.793809614913425,168,-3.7572306211932833
ada,1041.6666666666665,1156.1272806594466,3,10.5,245,84,9.16174276767,161,-3.8103050423902696
ada,1041.6666666666665,1181.9295482426837,3,11.0,227,80,9.504411688411487,147,-3.934852971634246
ada,1041.6666666666665,1132.2359580497027,3,11.5,220,72,9.980557008095051,148,-3.9619199090077073
ada,1041.6666666666665,1169.242735060361,3,12.0,207,68,10.664169361504442,139,-3.999430082891655
ada,1041.6666666666665,1198.1966980123254,3,12.5,194,67,10.671201686283027,127,-4.069085157233353
ada,1041.6666666666665,1192.6930204190717,3,13.0,185,60,12.033204501382334,125,-4.234393997310926
ada,1041.6666666666665,1258.8882687609125,3,13.5,172,59,13.0756565099246,113,-4.536066064819815
ada,1041.6666666666665,1241.9467291023625,3,14.0,165,56,13.387547054494323,109,-4.658311063755224
ada,1041.6666666666665,1244.752222193037,3,14.5,154,54,13.335082100442056,100,-4.753422112308341
ada,1041.6666666666665,1226.2483023488062,3,15.0,151,52,13.523916387307748,99,-4.818134846375731
ada,1041.6666666666665,1259.1844892533043,3,15.5,142,52,13.51315608040616,90,-4.927773632531291
ada,1041.6666666666665,1202.8154504001052,3,16.0,141,49,14.02098730334867,92,-5.26318399417369
ada,1041.6666666666665,1217.9658527826127,3,16.5,134,46,14.679437957885694,88,-5.196457878183294
ada,1041.6666666666665,1183.5714223493758,3,17.0,132,43,15.235390626618665,89,-5.298318815676715
ada,1041.6666666666665,1180.7291899988327,3,17.5,127,44,14.481293224472825,83,-5.4993700226261675
ada,1041.6666666666665,1179.150532252312,3,18.0,120,41,14.867709136748402,79,-5.448424586764202
ada,1041.6666666666665,1186.8804636031907,3,18.5,115,38,15.777724225704185,77,-5.359390350306094
ada,1041.6666666666665,1223.8019695540427,3,19.0,107,38,16.095762711644152,69,-5.620826282441089
ada,1041.6666666666665,-206.9623859162127,4,2.0,2306,582,2.770967610084266,1724,-1.6355368532397083
ada,1041.6666666666665,163.8526713122509,4,2.5,1689,448,3.290574270547197,1241,-1.8616636598653453
ada,1041.6666666666665,584.4526842613893,4,3.0,1267,351,4.036787594031673,916,-2.0005019227551637
ada,1041.6666666666665,689.1026653209227,4,3.5,1023,304,4.235791113660837,719,-2.2233349558163753
ada,1041.6666666666665,879.1086770096264,4,4.0,824,256,4.775884461093912,568,-2.365348142659185
ada,1041.6666666666665,983.8208119217205,4,4.5,695,236,4.956657222871726,459,-2.5837697008191878
ada,1041.6666666666665,1013.0938242021361,4,5.0,605,195,5.816259639353019,410,-2.734333671882204
ada,1041.6666666666665,991.4353772290358,4,5.5,540,177,5.9935812047513055,363,-2.9460840110521858
ada,1041.6666666666665,1035.2067352250242,4,6.0,475,163,6.183563350657749,312,-3.117673368372398
ada,1041.6666666666665,1048.5568435004639,4,6.5,423,147,6.4431661983632775,276,-3.2557557523874596
ada,1041.6666666666665,1005.2466857407716,4,7.0,387,136,6.593275407267207,251,-3.55154888305804
ada,1041.6666666666665,1023.216240141208,4,7.5,357,125,6.753876659413847,232,-3.538872165023804
ada,1041.6666666666665,1046.7937348164346,4,8.0,325,117,6.953779581972325,208,-3.6865311359342674
ada,1041.6666666666665,1067.9374088262998,4,8.5,301,107,7.344460295302843,194,-3.7006177462427994
ada,1041.6666666666665,1149.0984834442695,4,9.0,277,95,8.658894221718317,182,-3.7005300418624785
ada,1041.6666666666665,1162.7087892056827,4,9.5,252,89,8.801308827081451,163,-3.807409180396112
ada,1041.6666666666665,1184.4884106939314,4,10.0,232,81,9.328183849822928,151,-3.782082656567717
ada,1041.6666666666665,1172.9526817225064,4,10.5,219,74,10.010865337237465,145,-3.9162162291935525
ada,1041.6666666666665,1156.8633856315919,4,11.0,207,68,10.513254288409208,139,-4.014661194102386
ada,1041.6666666666665,1147.574387979621,4,11.5,197,63,11.255334974114604,134,-4.190385935743268
ada,1041.6666666666665,1211.983621736837,4,12.0,182,60,12.26030167169082,122,-4.292085889873861
ada,1041.6666666666665,1219.3324351177778,4,12.5,171,60,12.352788772652312,111,-4.701215236408649
ada,1041.6666666666665,1227.0927257538,4,13.0,162,56,13.191881424995128,106,-4.826911641942708
ada,1041.6666666666665,1234.6358470395091,4,13.5,152,54,13.280652921683055,98,-4.923667456442619
ada,1041.6666666666665,1241.708046449331,4,14.0,145,50,14.22561573459526,95,-4.942870950320337
ada,1041.6666666666665,1231.960493850949,4,14.5,141,48,14.483451863327986,93,-4.981131135363389
ada,1041.6666666666665,1224.983516255844,4,15.0,134,47,14.298305081080597,87,-5.1383542822407335
ada,1041.6666666666665,1198.6998876586144,4,15.5,129,46,14.063522376163109,83,-5.400266766805887
ada,1041.6666666666665,1159.4393554038024,4,16.0,127,45,13.926660056448453,82,-5.698296916297302
ada,1041.6666666666665,1163.3127283141587,4,16.5,122,43,14.314019217271738,79,-5.723925291500338
ada,1041.6666666666665,1203.1863041955107,4,17.0,114,43,14.552333835359203,71,-5.951606348238515
ada,1041.6666666666665,1170.2364913929684,4,17.5,111,40,15.067165431460023,71,-6.090846843175107
ada,1041.6666666666665,1248.278485758629,4,18.0,101,38,16.15806956399391,63,-5.805208851954591
ada,1041.6666666666665,1253.1164082857774,4,18.5,97,38,15.887918120261347,59,-5.942787801426326
ada,1041.6666666666665,1233.5557804810687,4,19.0,95,36,16.310787350944246,59,-5.993772273778368
ada,1041.6666666666665,-203.37277075800583,5,2.0,2289,588,2.7371081841396605,1701,-1.65361104234693
ada,1041.6666666666665,214.03060296341104,5,2.5,1639,446,3.2648905251078784,1193,-1.8793885760559124
ada,1041.6666666666665,555.2974814103898,5,3.0,1242,353,3.9136735152916393,889,-2.0542511467801567
ada,1041.6666666666665,719.459784867549,5,3.5,978,301,4.242152908575783,677,-2.3004848458105815
ada,1041.6666666666665,885.2706084729599,5,4.0,794,257,4.67001148389949,537,-2.448644958825344
ada,1041.6666666666665,962.0085074225224,5,4.5,679,222,5.154091718135961,457,-2.5868705776885377
ada,1041.6666666666665,988.1796256703411,5,5.0,584,194,5.655380542707179,390,-2.843497947730391
ada,1041.6666666666665,982.6607834499018,5,5.5,509,169,6.176916044562192,340,-3.1212883178856083
ada,1041.6666666666665,1042.618068743104,5,6.0,446,156,6.305142751542574,290,-3.2447731051639295
ada,1041.6666666666665,1011.1538594219487,5,6.5,408,143,6.506198258552836,265,-3.4688018549098385
ada,1041.6666666666665,1067.004991297138,5,7.0,361,130,6.8822627645367795,231,-3.5830699917430437
ada,1041.6666666666665,1071.450678167178,5,7.5,331,116,7.229062801240694,215,-3.568002822217406
ada,1041.6666666666665,1133.5804525447018,5,8.0,301,108,7.765813831104804,193,-3.653510058106823
ada,1041.6666666666665,1148.7969789219464,5,8.5,276,100,8.160493454532554,176,-3.7912066280187986
ada,1041.6666666666665,1179.0112943101544,5,9.0,257,89,9.033625298216778,168,-3.720127126375832
ada,1041.6666666666665,1134.5535955625917,5,9.5,241,83,9.039081439397926,158,-3.896773189287562
ada,1041.6666666666665,1191.4385506167366,5,10.0,221,71,10.940498601926171,150,-3.9022456674668144
ada,1041.6666666666665,1171.5297694186704,5,10.5,208,67,11.149927693067612,141,-4.081669404374881
ada,1041.6666666666665,1165.0443234633678,5,11.0,196,64,11.307748463619173,132,-4.232208925820133
ada,1041.6666666666665,1135.7193087716691,5,11.5,187,60,11.681975401721026,127,-4.450387522295998
ada,1041.6666666666665,1235.5387488100698,5,12.0,170,59,12.532845660848965,111,-4.5396319385587205
ada,1041.6666666666665,1232.6459569887036,5,12.5,159,58,12.492466944084132,101,-4.870466591764102
ada,1041.6666666666665,1216.8488232042068,5,13.0,153,56,12.675800305538852,97,-5.08243292686566
ada,1041.6666666666665,1253.0552905442516,5,13.5,144,51,13.827546182338535,93,-4.861823276935639
ada,1041.6666666666665,1223.4356856154473,5,14.0,139,50,13.687966326519287,89,-5.179355401241776
ada,1041.6666666666665,1194.0084246819238,5,14.5,134,47,14.153115406522527,87,-5.415954016375129
ada,1041.6666666666665,1200.6447560403947,5,15.0,127,44,14.84809348654864,83,-5.453871775515013
ada,1041.6666666666665,1206.6527666497645,5,15.5,123,43,15.061588713023305,80,-5.51244435012797
ada,1041.6666666666665,1200.1266389700013,5,16.0,118,40,15.828860482258445,78,-5.551638209235097
ada,1041.6666666666665,1219.45443311189,5,16.5,114,38,17.0322056675885,76,-5.628544503374646
ada,1041.6666666666665,1219.432723770591,5,17.0,107,39,16.02404357070662,68,-5.963308463043632
ada,1041.6666666666665,1230.1258868381537,5,17.5,100,37,16.096986842930963,63,-5.800994069052245
ada,1041.6666666666665,1300.0589544322138,5,18.0,91,36,17.335112655141867,55,-5.891001839143516
ada,1041.6666666666665,1286.3418053925552,5,18.5,89,32,19.27308968093901,57,-5.796439726271817
ada,1041.6666666666665,1282.303822443817,5,19.0,85,30,20.753489427348203,55,-6.187288370484157
ada,1041.6666666666665,-180.49892665929448,6,2.0,2274,585,2.7840831983515963,1689,-1.6632253390734044
ada,1041.6666666666665,201.48047780236814,6,2.5,1646,438,3.370338690216537,1208,-1.8830528712851613
ada,1041.6666666666665,530.5245687512472,6,3.0,1230,341,4.018302835905108,889,-2.0694226077529785
ada,1041.6666666666665,728.5312465586942,6,3.5,957,291,4.363053989742739,666,-2.31399018687154
ada,1041.6666666666665,960.5941991514751,6,4.0,764,257,4.693171107614836,507,-2.4567076439951454
ada,1041.6666666666665,979.1782532783558,6,4.5,656,220,5.2120010868014575,436,-2.677665105087079
ada,1041.6666666666665,1009.0070638440334,6,5.0,563,187,5.807395271384114,376,-2.864297478470203
ada,1041.6666666666665,1019.941243136268,6,5.5,490,164,6.279650572950341,326,-3.0979185608208217
ada,1041.6666666666665,1034.8898217386236,6,6.0,429,150,6.430025616263574,279,-3.331949894985345
ada,1041.6666666666665,990.8276968033197,6,6.5,391,137,6.510900829406985,254,-3.5478965229348005
ada,1041.6666666666665,1064.555019682237,6,7.0,348,128,6.789772960212771,220,-3.656981451022714
ada,1041.6666666666665,1137.4485501579247,6,7.5,309,118,7.061210210416936,191,-3.64279714487578
ada,1041.6666666666665,1086.9642868169376,6,8.0,293,104,7.68125171009929,189,-3.7665920160496666
ada,1041.6666666666665,1147.71740306389,6,8.5,263,98,8.03825258746179,165,-3.8789778818628267
ada,1041.6666666666665,1179.8253222645099,6,9.0,241,86,9.027120279341005,155,-3.8484323984439794
ada,1041.6666666666665,1172.390983557032,6,9.5,223,79,9.41728021940371,144,-3.9692649567768097
ada,1041.6666666666665,1153.4401824739223,6,10.0,211,68,10.89672079522439,143,-4.108649172037314
ada,1041.6666666666665,1125.7124215513713,6,10.5,200,66,10.66051037685878,134,-4.312546741203778
ada,1041.6666666666665,1201.6718602545177,6,11.0,184,62,11.715957231197871,122,-4.30096301704713
ada,1041.6666666666665,1219.89604282758,6,11.5,173,58,12.574324505483004,115,-4.42969372600377
ada,1041.6666666666665,1235.245095741094,6,12.0,161,56,13.04354988777468,105,-4.716130456897975
ada,1041.6666666666665,1226.8698848394115,6,12.5,152,55,12.885195984261172,97,-4.967174167989211
ada,1041.6666666666665,1212.6559024826258,6,13.0,146,51,13.452933829377258,95,-4.983618134901214
ada,1041.6666666666665,1227.1805399402945,6,13.5,137,49,14.144570751627795,88,-5.294357123743964
ada,1041.6666666666665,1234.9116107459279,6,14.0,129,47,14.396837557427965,82,-5.38707017625838
ada,1041.6666666666665,1242.991468045466,6,14.5,124,44,15.030567609090959,80,-5.229418834431717
ada,1041.6666666666665,1267.7453129934436,6,15.0,117,42,16.040654453287043,75,-5.412828987261505
ada,1041.6666666666665,1237.0751263876996,6,15.5,112,39,16.535545368552018,73,-5.586454013504512
ada,1041.6666666666665,1258.7581987662043,6,16.0,106,38,16.536754479910858,68,-5.435859874564813
ada,1041.6666666666665,1294.1614691897153,6,16.5,98,39,16.296099666601947,59,-5.78621047131798
ada,1041.6666666666665,1290.2892892392367,6,17.0,93,37,16.407906533186146,56,-5.657200937297326
ada,1041.6666666666665,1297.8948391200147,6,17.5,88,36,16.55075647897136,52,-5.729469117749117
ada,1041.6666666666665,1283.228746267271,6,18.0,86,36,16.59766648788681,50,-6.2857449459331
ada,1041.6666666666665,1279.5411251267042,6,18.5,82,31,19.63839361858489,51,-6.45586425587113
ada,1041.6666666666665,1269.4013584655038,6,19.0,79,28,21.832518393482623,51,-6.70410110886294
ada,1041.6666666666665,-161.18682215717394,7,2.0,2275,583,2.813960830833113,1692,-1.6558664223007564
ada,1041.6666666666665,189.7180153680849,7,2.5,1638,436,3.363107539731679,1202,-1.8940073809941156
ada,1041.6666666666665,556.4834583489705,7,3.0,1209,339,4.008294811906256,870,-2.071641934353164
ada,1041.6666666666665,773.8867826292528,7,3.5,931,287,4.406886325654326,644,-2.315045951604877
ada,1041.6666666666665,902.3807309162282,7,4.0,769,249,4.843521762981762,520,-2.507031130896601
ada,1041.6666666666665,1011.1151901110278,7,4.5,636,210,5.503721118432177,426,-2.687009964224717
ada,1041.6666666666665,1004.592741852306,7,5.0,552,184,5.815139844682465,368,-2.8950896455686634
ada,1041.6666666666665,999.2989773390534,7,5.5,480,163,6.212234470031201,317,-3.1965149567067233
ada,1041.6666666666665,1017.708002475839,7,6.0,427,145,6.663728318769204,282,-3.3635907934244473
ada,1041.6666666666665,1019.3256962794067,7,6.5,382,133,6.790603480241258,249,-3.5494962513762283
ada,1041.6666666666665,1031.1092777402737,7,7.0,345,129,6.465971133096723,216,-3.7175972149500174
ada,1041.6666666666665,1087.310944435482,7,7.5,303,110,7.3758665851350305,193,-3.7514734711366327
ada,1041.6666666666665,1079.4853186622618,7,8.0,281,102,7.477211889229065,179,-3.8167055532910745
ada,1041.6666666666665,1139.3911930017684,7,8.5,253,92,8.166620065623494,161,-3.8008562300347446
ada,1041.6666666666665,1141.8225135356624,7,9.0,237,81,9.284905057882213,156,-3.911889718928188
ada,1041.6666666666665,1182.0036364086602,7,9.5,215,72,10.51207391146793,143,-4.020039756762444
ada,1041.6666666666665,1156.1353812321545,7,10.0,202,64,11.097103881332995,138,-4.015067153428669
ada,1041.6666666666665,1176.7587437677937,7,10.5,188,63,11.329302455899562,125,-4.295898487631028
ada,1041.6666666666665,1235.7109413113978,7,11.0,172,56,12.949829870134707,116,-4.219651132897803
ada,1041.6666666666665,1255.405435951408,7,11.5,162,54,13.687299278724504,108,-4.478784491664036
ada,1041.6666666666665,1240.5004301943204,7,12.0,152,52,13.7412615342431,100,-4.740451695863205
ada,1041.6666666666665,1233.8532680831793,7,12.5,144,51,13.663684391117245,93,-4.978436944772046
ada,1041.6666666666665,1218.0310781049895,7,13.0,138,49,14.320827634971517,89,-5.434713213579941
ada,1041.6666666666665,1229.635648361272,7,13.5,130,46,14.73465416599433,84,-5.335219562791288
ada,1041.6666666666665,1245.9635812196545,7,14.0,123,45,14.748800452807707,78,-5.355544091752484
ada,1041.6666666666665,1241.8257653721864,7,14.5,118,41,15.58468604362237,77,-5.157744966445866
ada,1041.6666666666665,1211.3093283358337,7,15.0,113,38,16.031791840327013,75,-5.305316821287903
ada,1041.6666666666665,1220.0063903227885,7,15.5,106,36,16.552682746907898,70,-5.369859836655636
ada,1041.6666666666665,1244.9377957147153,7,16.0,102,36,17.23899653313491,66,-5.691910295123341
ada,1041.6666666666665,1285.7047003065256,7,16.5,92,36,16.802298662378046,56,-5.699608063197923
ada,1041.6666666666665,1311.9933605760107,7,17.0,86,34,18.27290703931578,52,-5.947797668475492
ada,1041.6666666666665,1259.5934851817476,7,17.5,85,32,18.74979010292306,53,-6.422637700222465
ada,1041.6666666666665,1244.8613987470671,7,18.0,83,32,18.34020020574393,51,-6.706372702681157
ada,1041.6666666666665,1238.2562092669452,7,18.5,80,28,21.413197762499795,52,-6.948333232366338
ada,1041.6666666666665,1216.6121166748248,7,19.0,78,26,22.62159190218658,52,-7.145178322731287
ada,1041.6666666666665,-170.63659247084166,8,2.0,2257,578,2.8620095394472447,1679,-1.6824765373861525
ada,1041.6666666666665,178.08233568832796,8,2.5,1635,437,3.3508646655572605,1198,-1.9083852447080079
ada,1041.6666666666665,548.3968403912351,8,3.0,1214,338,4.050886407333361,876,-2.078541969506214
ada,1041.6666666666665,740.6603398528312,8,3.5,942,287,4.37389901487961,655,-2.312440728881861
ada,1041.6666666666665,933.4710590290712,8,4.0,754,247,4.9365579517660665,507,-2.5362105622428937
ada,1041.6666666666665,1023.6483922651557,8,4.5,621,206,5.6604850140876914,415,-2.7527988449082152
ada,1041.6666666666665,1048.9574635347617,8,5.0,533,179,5.9175114482915365,354,-2.853890072625489
ada,1041.6666666666665,994.1470806661638,8,5.5,470,155,6.4591530115419555,315,-3.1968940829296475
ada,1041.6666666666665,982.4224618404648,8,6.0,420,144,6.509460580010522,276,-3.4599270350762623
ada,1041.6666666666665,1038.1265627320709,8,6.5,369,131,6.834307975094341,238,-3.6015453025432245
ada,1041.6666666666665,999.013848110724,8,7.0,336,119,6.843034731539288,217,-3.757176428306231
ada,1041.6666666666665,1111.9121099566491,8,7.5,287,105,7.636677652087024,182,-3.7908738654532286
ada,1041.6666666666665,1079.8172183382944,8,8.0,270,100,7.37634361997394,170,-3.8695126097594166
ada,1041.6666666666665,1127.5947748807253,8,8.5,246,86,8.709071360655866,160,-3.883658513348
ada,1041.6666666666665,1157.1663956697914,8,9.0,226,76,9.972666513365459,150,-4.005041728973216
ada,1041.6666666666665,1140.636686637569,8,9.5,213,66,11.423775192642923,147,-4.172329769230358
ada,1041.6666666666665,1181.9099499365266,8,10.0,195,62,11.546470987791015,133,-4.014821438394859
ada,1041.6666666666665,1222.1810262669467,8,10.5,178,60,11.927253341825352,118,-4.181815035954013
ada,1041.6666666666665,1228.58153847368,8,11.0,167,55,13.033196123413788,112,-4.359323645661413
ada,1041.6666666666665,1218.5639585437975,8,11.5,157,55,12.790824055580366,102,-4.754229063854142
ada,1041.6666666666665,1210.238394480875,8,12.0,150,50,13.966434677265118,100,-4.880833393823799
ada,1041.6666666666665,1221.6104458468783,8,12.5,141,49,13.99066478114921,92,-5.042740526406879
ada,1041.6666666666665,1254.588438165093,8,13.0,130,46,15.1424867383962,84,-5.261499426203973
ada,1041.6666666666665,1219.3424500893266,8,13.5,126,44,15.008520423128628,82,-5.3784444942479634
ada,1041.6666666666665,1253.1353001240586,8,14.0,116,40,16.060091353499555,76,-5.121952026525311
ada,1041.6666666666665,1249.102840145078,8,14.5,110,40,15.602721995280394,70,-5.357229138087689
ada,1041.6666666666665,1239.3492209581896,8,15.0,106,38,16.45871032432632,68,-5.6776731083266245
ada,1041.6666666666665,1245.2533101526208,8,15.5,100,36,16.937771984973622,64,-5.695413770412936
ada,1041.6666666666665,1243.8591711540985,8,16.0,97,34,18.205956744850678,63,-5.954656478901962
ada,1041.6666666666665,1287.9521854888167,8,16.5,88,33,18.803925209565143,55,-6.046860844124233
ada,1041.6666666666665,1254.910730208894,8,17.0,85,33,18.086766916237423,52,-6.576011115902713
ada,1041.6666666666665,1252.0260846304734,8,17.5,83,32,18.561487172374854,51,-6.704735389912209
ada,1041.6666666666665,1242.3004893020818,8,18.0,80,28,21.382887773637606,52,-6.8542378530725205
ada,1041.6666666666665,1203.2254808217447,8,18.5,80,26,22.499816592614938,54,-7.069810196041563
ada,1041.6666666666665,1177.1799165093014,8,19.0,78,26,22.05577003270059,52,-7.620578929632969
ada,1041.6666666666665,-139.4844504452838,9,2.0,2261,582,2.898744135228011,1679,-1.6834744116426368
ada,1041.6666666666665,214.39868037447835,9,2.5,1624,432,3.4733399557390867,1192,-1.9178558561281924
ada,1041.6666666666665,534.1972043636931,9,3.0,1212,339,3.993854614506792,873,-2.0844438831089462
ada,1041.6666666666665,706.8200356205946,9,3.5,941,286,4.30735912744472,655,-2.328373549356636
ada,1041.6666666666665,1012.0828455676874,9,4.0,733,236,5.234119980584369,497,-2.461105573139288
ada,1041.6666666666665,1000.9946859067655,9,4.5,618,199,5.7854578144509,419,-2.7453733154390516
ada,1041.6666666666665,1063.1670481676422,9,5.0,525,172,6.266335744903602,353,-2.8743419262203296
ada,1041.6666666666665,983.488623091966,9,5.5,473,155,6.240451458078894,318,-3.093652053176924
ada,1041.6666666666665,1024.957973276236,9,6.0,410,140,6.731310344303238,270,-3.39787212935636
ada,1041.6666666666665,1031.6630172286714,9,6.5,364,130,6.796135072763949,234,-3.640318556541212
ada,1041.6666666666665,1027.3324956989643,9,7.0,323,116,6.984446680573256,207,-3.7819484021619987
ada,1041.6666666666665,1096.927501717979,9,7.5,286,104,7.556998642433344,182,-3.7857162477752113
ada,1041.6666666666665,1080.0647831035665,9,8.0,262,91,8.067089065530357,171,-3.8247972038578673
ada,1041.6666666666665,1096.810549242818,9,8.5,242,82,8.793959397945619,160,-3.9018382586795104
ada,1041.6666666666665,1155.8872310279776,9,9.0,224,74,10.492658624753108,150,-4.137130048025014
ada,1041.6666666666665,1166.8233037527427,9,9.5,207,67,11.176283657408623,140,-4.157055009240239
ada,1041.6666666666665,1187.2729241120132,9,10.0,190,64,11.156675017260858,126,-4.180589499941918
ada,1041.6666666666665,1237.7828611336665,9,10.5,172,59,12.073837381682093,113,-4.199765879518376
ada,1041.6666666666665,1234.9155602432932,9,11.0,160,55,12.940313522197421,105,-4.540968414072048
ada,1041.6666666666665,1248.306291858114,9,11.5,152,55,13.037880176596383,97,-4.832753792316367
ada,1041.6666666666665,1183.514938481118,9,12.0,149,50,13.795039514292009,99,-5.113505426600834
ada,1041.6666666666665,1209.769945679103,9,12.5,136,46,14.346786868696263,90,-5.002025003121405
ada,1041.6666666666665,1235.349990135645,9,13.0,127,45,15.102949528389141,82,-5.418082178559349
ada,1041.6666666666665,1219.8422818771917,9,13.5,122,43,15.275109939444063,79,-5.531486652138011
ada,1041.6666666666665,1230.8715245941062,9,14.0,116,40,15.796829575005143,76,-5.276337610606578
ada,1041.6666666666665,1234.8410574939244,9,14.5,109,37,17.171817841905312,72,-5.562725036896822
ada,1041.6666666666665,1233.4320341059115,9,15.0,103,36,17.02533167351027,67,-5.663879196126231
ada,1041.6666666666665,1249.5685020066994,9,15.5,95,34,17.795719843872945,61,-5.827638896475073
ada,1041.6666666666665,1316.246297103315,9,16.0,87,33,19.442995798272875,54,-6.025417856290533
ada,1041.6666666666665,1308.1952425599718,9,16.5,84,33,19.04915497012825,51,-6.28287983243648
ada,1041.6666666666665,1273.475407290244,9,17.0,82,33,18.289007818702835,49,-6.735956137284689
ada,1041.6666666666665,1240.041054765237,9,17.5,81,28,21.63210770071753,53,-6.899206808582145
ada,1041.6666666666665,1207.4595752401383,9,18.0,80,26,22.61291652469184,54,-7.045856562997244
ada,1041.6666666666665,1192.1051440267863,9,18.5,77,26,22.007275877170407,51,-7.452628015287153
ada,1041.6666666666665,1178.8313110368326,9,19.0,73,26,21.231683066521637,47,-7.94026486580275
ada,1041.6666666666665,-117.47236341359196,10,2.0,2253,588,2.877172601867984,1665,-1.6872371491363176
ada,1041.6666666666665,253.61314916910402,10,2.5,1621,436,3.4606115715219583,1185,-1.9031337519109444
ada,1041.6666666666665,510.1635185578549,10,3.0,1215,344,3.9338587643200804,871,-2.1160549900898453
ada,1041.6666666666665,707.1410474646505,10,3.5,949,281,4.4667732821448665,668,-2.3173985700869135
ada,1041.6666666666665,940.648349556825,10,4.0,747,236,5.240128440700612,511,-2.536246501856202
ada,1041.6666666666665,1026.028758395127,10,4.5,613,200,5.762817361450221,413,-2.7276869585833383
ada,1041.6666666666665,1060.6235223440447,10,5.0,523,172,6.198500453510381,351,-2.864725229799831
ada,1041.6666666666665,985.4333581270172,10,5.5,469,156,6.279503447460666,313,-3.17625935998992
ada,1041.6666666666665,971.5285897848108,10,6.0,415,138,6.738476447189356,277,-3.459859783131117
ada,1041.6666666666665,996.5510518985661,10,6.5,364,132,6.636951649731363,232,-3.791062783905062
ada,1041.6666666666665,1015.0051030180991,10,7.0,325,114,7.1321770047871205,211,-3.7822894574769363
ada,1041.6666666666665,1049.5536345333608,10,7.5,289,101,7.643972628230924,188,-3.8430191538189487
ada,1041.6666666666665,1091.2638612019653,10,8.0,258,92,7.966778772202165,166,-3.86554087855804
ada,1041.6666666666665,1060.128677793955,10,8.5,239,79,9.010263142870238,160,-4.073013190579966
ada,1041.6666666666665,1163.9289315550309,10,9.0,217,69,11.27023851473111,148,-4.146740040279839
ada,1041.6666666666665,1200.2366360699023,10,9.5,199,64,11.844542118152503,135,-4.131955996235976
ada,1041.6666666666665,1224.5438410569257,10,10.0,184,63,11.52647783410212,121,-4.145655061913294
ada,1041.6666666666665,1242.6843410581032,10,10.5,169,59,12.269923414293114,110,-4.374919458047178
ada,1041.6666666666665,1233.9366188028134,10,11.0,158,54,13.349132300932341,104,-4.681889667764737
ada,1041.6666666666665,1240.6764789763272,10,11.5,150,53,13.405006051738917,97,-4.843183935730264
ada,1041.6666666666665,1220.5010360906158,10,12.0,139,50,13.474579264767566,89,-5.092448619637802
ada,1041.6666666666665,1236.8185930145473,10,12.5,133,45,15.368291366544938,88,-5.1676649827269925
ada,1041.6666666666665,1220.1068544613174,10,13.0,126,44,15.209893778052583,82,-5.477176485036547
ada,1041.6666666666665,1210.1209964377729,10,13.5,120,39,16.464867752637865,81,-5.333442542161776
ada,1041.6666666666665,1213.8546429448081,10,14.0,114,39,16.033752262338524,75,-5.4861559371519215
ada,1041.6666666666665,1233.90244630926,10,14.5,104,38,15.758734380499178,66,-5.529234244692521
ada,1041.6666666666665,1269.3423880110179,10,15.0,97,35,18.104522859179323,62,-5.8760630977460835
ada,1041.6666666666665,1272.4903155550207,10,15.5,91,35,17.728312274876497,56,-6.2142966797438515
ada,1041.6666666666665,1304.0999024168118,10,16.0,84,32,20.064758383216052,52,-6.499468573963492
ada,1041.6666666666665,1296.8328754424194,10,16.5,82,31,20.315982388519494,51,-6.52867801179774
ada,1041.6666666666665,1251.4208701745692,10,17.0,82,30,20.40151338581781,52,-6.935087142307028
ada,1041.6666666666665,1243.1190978042666,10,17.5,79,29,20.60523287355265,50,-7.088653110575217
ada,1041.6666666666665,1213.2056635193564,10,18.0,76,26,22.130898152272984,50,-7.2439537687948174
ada,1041.6666666666665,1211.8878919041142,10,18.5,72,25,22.639394286342664,47,-7.53397798413729
ada,1041.6666666666665,1209.8317679936854,10,19.0,69,25,21.839430127337295,44,-7.63986329976699
ada,1041.6666666666665,-165.24293710615012,11,2.0,2269,592,2.8273165832032547,1677,-1.6929125547778647
ada,1041.6666666666665,252.7378439608121,11,2.5,1617,439,3.4480165443536195,1178,-1.9193051095164904
ada,1041.6666666666665,516.4429422821298,11,3.0,1214,339,3.9886970922689153,875,-2.0979718537108982
ada,1041.6666666666665,715.9958278237625,11,3.5,949,282,4.513298071592169,667,-2.3339643603676623
ada,1041.6666666666665,881.159439551867,11,4.0,753,237,5.064397480018131,516,-2.556400703900057
ada,1041.6666666666665,1033.7166546007418,11,4.5,611,197,5.884087163793222,414,-2.718474677938465
ada,1041.6666666666665,1024.1173650766307,11,5.0,526,167,6.337926697466756,359,-2.881104159889467
ada,1041.6666666666665,992.9885872620621,11,5.5,461,156,6.189252039386307,305,-3.1886384619088552
ada,1041.6666666666665,959.4199867751262,11,6.0,409,134,6.855393400050755,275,-3.4880099230242667
ada,1041.6666666666665,1008.8778072932382,11,6.5,356,127,6.865230313588111,229,-3.7685870852945555
ada,1041.6666666666665,1010.6685311221909,11,7.0,319,113,7.000217200571637,206,-3.7881359832155583
ada,1041.6666666666665,1008.2433577188118,11,7.5,289,100,7.444265068414185,189,-3.8951489371566557
ada,1041.6666666666665,1068.2389720713438,11,8.0,256,90,7.969573629321889,166,-3.909775027515826
ada,1041.6666666666665,1116.8259963947582,11,8.5,228,79,9.228037762121211,149,-4.108650918206819
ada,1041.6666666666665,1200.2451223534117,11,9.0,209,71,10.859017915001239,138,-4.135834417475911
ada,1041.6666666666665,1210.6465254631075,11,9.5,195,63,11.9861770123075,132,-4.124868381153516
ada,1041.6666666666665,1200.843718124466,11,10.0,184,61,11.622287864250316,123,-4.131023102396776
ada,1041.6666666666665,1219.1718571961508,11,10.5,166,60,11.472305249739316,106,-4.426098658379313
ada,1041.6666666666665,1239.3028411500186,11,11.0,154,53,13.469102529305651,101,-4.698609830724571
ada,1041.6666666666665,1220.9858721379983,11,11.5,146,52,13.10823846799171,94,-4.9004524276337325
ada,1041.6666666666665,1203.0074410921698,11,12.0,139,48,13.882985676567628,91,-5.09204254267118
ada,1041.6666666666665,1214.5274617941595,11,12.5,129,42,15.774822677205918,87,-5.149598743086085
ada,1041.6666666666665,1181.830763755088,11,13.0,125,41,15.955660257258062,84,-5.623229842767775
ada,1041.6666666666665,1199.570546030817,11,13.5,117,39,16.25878008893329,78,-5.57079330048181
ada,1041.6666666666665,1224.528741365533,11,14.0,108,38,16.1541881899608,70,-5.56186299789967
ada,1041.6666666666665,1248.3173412574704,11,14.5,100,37,16.45458736449956,63,-5.722260178238286
ada,1041.6666666666665,1310.794019506761,11,15.0,91,34,18.86520045286931,57,-5.800399927908676
ada,1041.6666666666665,1328.9010658768043,11,15.5,84,32,20.47803867247385,52,-6.27684945466074
ada,1041.6666666666665,1307.8607333036266,11,16.0,82,32,19.89671816032617,50,-6.576684956536205
ada,1041.6666666666665,1267.5914598543359,11,16.5,82,32,19.453899764278198,50,-7.09866665205133
ada,1041.6666666666665,1235.956428730333,11,17.0,80,30,20.08850897908015,50,-7.333976812841432
ada,1041.6666666666665,1229.2836413516634,11,17.5,76,28,21.017247319496825,48,-7.483318408213502
ada,1041.6666666666665,1220.9880700723625,11,18.0,73,26,22.02466124967875,47,-7.481981328069896
ada,1041.6666666666665,1247.915960829972,11,18.5,66,25,22.467174766245613,41,-7.652766056735839
ada,1041.6666666666665,1218.4292333493252,11,19.0,66,23,23.779103844665464,43,-7.639305932046078
ada,1041.6666666666665,-192.10614880218134,12,2.0,2273,593,2.795135532521925,1680,-1.6962032854688605
ada,1041.6666666666665,288.48921188048564,12,2.5,1614,454,3.293614189917504,1160,-1.9024238192603968
ada,1041.6666666666665,480.8001997169163,12,3.0,1213,342,3.9736363108266377,871,-2.1563529490078035
ada,1041.6666666666665,706.6194767467556,12,3.5,945,282,4.588821101769036,663,-2.3943108204405923
ada,1041.6666666666665,863.2670077886744,12,4.0,751,233,5.117145643765587,518,-2.5656909791673894
ada,1041.6666666666665,1023.3820986185401,12,4.5,605,198,5.672948605726116,407,-2.7023629614624864
ada,1041.6666666666665,1035.7280761216484,12,5.0,516,171,6.131031585592314,345,-2.935299492796055
ada,1041.6666666666665,988.0152309555414,12,5.5,459,151,6.283416195709807,308,-3.1194175798592174
ada,1041.6666666666665,965.2172054617099,12,6.0,402,137,6.550233269298202,265,-3.517602839366576
ada,1041.6666666666665,971.0215203141523,12,6.5,355,126,6.668199556884044,229,-3.795509274468289
ada,1041.6666666666665,1067.0722539179721,12,7.0,307,111,7.004341046568984,196,-3.6245387869958434
ada,1041.6666666666665,1036.1352556067848,12,7.5,282,97,7.5794902494451915,185,-3.778785397780541
ada,1041.6666666666665,1073.4528713529633,12,8.0,251,88,8.277109847793094,163,-4.017992608913064
ada,1041.6666666666665,1145.940797643981,12,8.5,225,75,10.215180064786553,150,-4.1346513814334
ada,1041.6666666666665,1166.312629815288,12,9.0,208,67,11.408055146598786,141,-4.241326702176097
ada,1041.6666666666665,1192.5746559986135,12,9.5,192,63,11.484360466424254,129,-4.11581436733422
ada,1041.6666666666665,1226.1222580867316,12,10.0,174,60,11.577228128667825,114,-4.109749382748582
ada,1041.6666666666665,1250.3010081130699,12,10.5,159,55,13.081574045091443,104,-4.511399657374604
ada,1041.6666666666665,1237.9806852269016,12,11.0,153,50,14.214473927909896,103,-4.589737972510615
ada,1041.6666666666665,1207.1819326599518,12,11.5,143,50,13.503492442806879,93,-5.03217945677842
ada,1041.6666666666665,1185.8582622758593,12,12.0,137,46,14.2069474240507,91,-5.139135376159045
ada,1041.6666666666665,1197.382599527155,12,12.5,127,41,15.932887311167683,86,-5.300764886403733
ada,1041.6666666666665,1180.8394896522211,12,13.0,123,41,15.808014850614951,82,-5.698647795402341
ada,1041.6666666666665,1202.9209380372183,12,13.5,114,40,16.007036576636956,74,-5.910277365246756
ada,1041.6666666666665,1193.6374690611517,12,14.0,108,39,15.669446780867478,69,-6.050303701343182
ada,1041.6666666666665,1318.9683670103107,12,14.5,94,36,18.47778809175692,58,-5.969517315395487
ada,1041.6666666666665,1310.1219615441007,12,15.0,87,32,20.745322833267487,55,-6.431424893099235
ada,1041.6666666666665,1303.5385126417304,12,15.5,84,31,20.898557074916493,53,-6.496542578880762
ada,1041.6666666666665,1285.1800364372189,12,16.0,82,31,20.47879480786053,51,-6.856129462871715
ada,1041.6666666666665,1247.1264015763381,12,16.5,81,31,19.71352944724676,50,-7.279860225766227
ada,1041.6666666666665,1205.5961773391236,12,17.0,80,28,21.1215163020622,52,-7.419351521511874
ada,1041.6666666666665,1207.225631250362,12,17.5,77,26,22.335985945213697,51,-7.323725555395963
ada,1041.6666666666665,1206.5283095917064,12,18.0,71,24,23.1939322937522,47,-7.449490754432913
ada,1041.6666666666665,1219.7398473691096,12,18.5,67,22,25.11727127953649,45,-7.396447128459864
ada,1041.6666666666665,1183.4638392850115,12,19.0,66,22,24.225652366953206,44,-7.943193472453642
ada,1041.6666666666665,-205.2047900786618,13,2.0,2283,588,2.856556036657172,1695,-1.701982147276154
ada,1041.6666666666665,267.222895252258,13,2.5,1614,445,3.336023033350099,1169,-1.8967556497763336
ada,1041.6666666666665,511.97025870032974,13,3.0,1212,345,3.9674717750742277,867,-2.141646486390175
ada,1041.6666666666665,698.924783946653,13,3.5,944,277,4.624013167885381,667,-2.371704443114841
ada,1041.6666666666665,844.2319975676529,13,4.0,753,235,5.096855142233963,518,-2.612990271925346
ada,1041.6666666666665,1021.3308211809842,13,4.5,610,198,5.755358396085156,412,-2.714150828261839
ada,1041.6666666666665,1037.6384557001618,13,5.0,513,172,6.088387695341738,341,-2.960598908793597
ada,1041.6666666666665,1009.4056976657444,13,5.5,449,151,6.231408539832606,298,-3.125963059895899
ada,1041.6666666666665,981.7844339726663,13,6.0,398,132,6.76979543325253,266,-3.4279269293859644
ada,1041.6666666666665,1002.916974749009,13,6.5,348,123,6.729019601631772,225,-3.6655663833408845
ada,1041.6666666666665,997.5418017643863,13,7.0,310,109,6.909198517589176,201,-3.7590091375762946
ada,1041.6666666666665,1029.8711412125833,13,7.5,276,95,7.527404062218566,181,-3.7858135066197893
ada,1041.6666666666665,1080.4221595815247,13,8.0,244,86,8.388472831326684,158,-4.0568766070415885
ada,1041.6666666666665,1148.9727927422084,13,8.5,222,76,9.93858018801812,146,-4.153145901007994
ada,1041.6666666666665,1200.193654113875,13,9.0,204,64,11.7392948461356,140,-3.9365801145628754
ada,1041.6666666666665,1226.2254155556961,13,9.5,187,60,12.245658803184025,127,-4.004048130986977
ada,1041.6666666666665,1236.8170558457637,13,10.0,171,59,12.245810897375954,112,-4.336480241959076
ada,1041.6666666666665,1240.0385867178975,13,10.5,157,54,13.169000159997726,103,-4.573664290504648
ada,1041.6666666666665,1256.8858964476794,13,11.0,148,51,13.860099912651568,97,-4.638960815438672
ada,1041.6666666666665,1216.558246266678,13,11.5,141,48,14.053168613810692,93,-4.924665023615433
ada,1041.6666666666665,1182.5491528759808,13,12.0,135,44,14.7166620505244,91,-5.109714036781243
ada,1041.6666666666665,1165.4943805552066,13,12.5,130,41,15.743074184060053,89,-5.392940011137708
ada,1041.6666666666665,1189.5907475261915,13,13.0,120,39,16.499175133090556,81,-5.603420773633828
ada,1041.6666666666665,1175.4211237205002,13,13.5,114,39,16.013296938136797,75,-5.987966091557798
ada,1041.6666666666665,1243.0649520868162,13,14.0,105,37,17.939929844571534,68,-6.1869478259166115
ada,1041.6666666666665,1286.8088684846607,13,14.5,94,34,19.171111275261698,60,-6.083481914570615
ada,1041.6666666666665,1285.069929560682,13,15.0,87,34,18.82068961860121,53,-6.694972027769035
ada,1041.6666666666665,1289.0781499873403,13,15.5,84,31,20.78956684946228,53,-6.705630610301698
ada,1041.6666666666665,1256.9719018613796,13,16.0,82,31,20.00860680943692,51,-7.123429592767935
ada,1041.6666666666665,1216.5815011255177,13,16.5,81,28,21.528246325473305,53,-7.286969735617629
ada,1041.6666666666665,1185.2160272780266,13,17.0,79,26,22.43900188952451,53,-7.513170223577546
ada,1041.6666666666665,1222.5364030493479,13,17.5,72,25,22.778971172449154,47,-7.381656941742168
ada,1041.6666666666665,1201.267826694276,13,18.0,69,22,25.164359606041398,47,-7.496767758268842
ada,1041.6666666666665,1191.2705557538063,13,18.5,67,22,24.401235936349476,45,-7.679036329908507
ada,1041.6666666666665,1182.4488738042808,13,19.0,65,22,23.778582469659145,43,-7.922789314609794
ada,1041.6666666666665,-208.58905998543875,14,2.0,2280,594,2.8469844126161634,1686,-1.719868209418411
ada,1041.6666666666665,246.77614308912771,14,2.5,1626,447,3.350809945164197,1179,-1.9092755745540855
ada,1041.6666666666665,510.6752689683241,14,3.0,1208,339,4.049164548643615,869,-2.1426829839146877
ada,1041.6666666666665,695.8777889372521,14,3.5,943,278,4.584252241232995,665,-2.373750878384241
ada,1041.6666666666665,854.322436107435,14,4.0,748,234,5.090951260084741,514,-2.6010898030202214
ada,1041.6666666666665,1005.881419641643,14,4.5,613,195,5.808401638261675,418,-2.695590669424366
ada,1041.6666666666665,1040.5484204317706,14,5.0,508,170,6.104742344097771,338,-2.9504667990084297
ada,1041.6666666666665,999.4902412757532,14,5.5,448,150,6.315503858072179,298,-3.180655494748566
ada,1041.6666666666665,973.3254857429034,14,6.0,391,133,6.615020663990269,258,-3.5134583820457395
ada,1041.6666666666665,978.1483081188795,14,6.5,348,122,6.628164540715264,226,-3.674724627647717
ada,1041.6666666666665,990.1695306331927,14,7.0,307,109,6.962400247608058,198,-3.8824853351317534
ada,1041.6666666666665,1020.8368010434481,14,7.5,274,100,7.218680566486998,174,-4.028915262099152
ada,1041.6666666666665,1108.8712214405982,14,8.0,240,84,8.686368551736352,156,-3.979382928879836
ada,1041.6666666666665,1135.2777249001203,14,8.5,221,76,9.900177939212073,145,-4.256108955034451
ada,1041.6666666666665,1189.735140572426,14,9.0,202,64,11.608217257515992,138,-4.008628723975342
ada,1041.6666666666665,1218.3115120755012,14,9.5,182,64,11.201537647973744,118,-4.2253126897866
ada,1041.6666666666665,1212.7970292801729,14,10.0,171,58,12.319513743783844,113,-4.44013068902026
ada,1041.6666666666665,1247.2631727419741,14,10.5,155,54,12.993215608986565,101,-4.498717526171282
ada,1041.6666666666665,1253.3704721944341,14,11.0,144,53,13.14921219412473,91,-4.874041473562381
ada,1041.6666666666665,1203.6531370667842,14,11.5,140,49,13.699059818086136,91,-5.1384702639498405
ada,1041.6666666666665,1163.3211829341637,14,12.0,134,44,14.551288828309293,90,-5.299283616793847
ada,1041.6666666666665,1196.7034391933125,14,12.5,127,41,16.090414139494662,86,-5.383762099139182
ada,1041.6666666666665,1166.3220203766625,14,13.0,121,39,16.33961680365212,82,-5.742963841045978
ada,1041.6666666666665,1209.4655035513122,14,13.5,110,38,17.158456900269062,72,-6.146609148040445
ada,1041.6666666666665,1245.1165882019777,14,14.0,101,37,17.463010868762684,64,-6.265856467847513
ada,1041.6666666666665,1278.5258550727458,14,14.5,93,32,20.43755571209575,61,-6.155343077283904
ada,1041.6666666666665,1286.0952070684218,14,15.0,87,31,20.76187635777139,56,-6.384338571830191
ada,1041.6666666666665,1286.8625962692033,14,15.5,82,31,20.43668379859912,51,-6.797541205634689
ada,1041.6666666666665,1245.6006989501293,14,16.0,81,31,20.026176841462945,50,-7.50421566270443
ada,1041.6666666666665,1200.0367567196201,14,16.5,79,26,22.79490209251763,53,-7.40812637143089
ada,1041.6666666666665,1171.775404996042,14,17.0,78,25,22.826167502500795,53,-7.52601476540525
ada,1041.6666666666665,1179.2350737352117,14,17.5,73,23,23.974795544094608,50,-7.443704475579299
ada,1041.6666666666665,1173.811153518964,14,18.0,69,22,24.534929174173826,47,-7.786325283252354
ada,1041.6666666666665,1186.954312583204,14,18.5,66,22,24.22718473840395,44,-7.864630719583715
ada,1041.6666666666665,1154.9779881751067,14,19.0,65,22,23.03995633034315,43,-8.18374537424287
ada,1041.6666666666665,-179.15173771074262,15,2.0,2271,601,2.8318369602018345,1670,-1.725201048378471
ada,1041.6666666666665,230.0689491468187,15,2.5,1631,445,3.372298527153228,1186,-1.91450581402729
ada,1041.6666666666665,539.3742116097657,15,3.0,1199,341,4.052477621063954,858,-2.1474599733951565
ada,1041.6666666666665,708.7421325373676,15,3.5,946,282,4.586001901490144,664,-2.38631084891996
ada,1041.6666666666665,874.5645646043366,15,4.0,752,235,5.096483567419757,517,-2.5592051716427577
ada,1041.6666666666665,1008.700878570811,15,4.5,611,195,5.780480580085366,416,-2.6886846984274877
ada,1041.6666666666665,1004.9206672956924,15,5.0,517,173,6.0193792648946145,344,-3.0128835625903347
ada,1041.6666666666665,959.0752278238353,15,5.5,454,150,6.323001280159256,304,-3.2545229085528034
ada,1041.6666666666665,997.7832112040478,15,6.0,390,135,6.557377712984027,255,-3.480246196269782
ada,1041.6666666666665,964.819205704863,15,6.5,344,119,6.818262339632084,225,-3.7624622787171353
ada,1041.6666666666665,975.4719180471614,15,7.0,308,108,6.898732786166706,200,-3.847956114294218
ada,1041.6666666666665,1034.0488718110048,15,7.5,271,98,7.253208117968295,173,-3.9119394436409762
ada,1041.6666666666665,1160.6701747128254,15,8.0,235,82,9.218247973817665,153,-3.890367053204068
ada,1041.6666666666665,1161.8502573081084,15,8.5,217,74,10.11010284544036,143,-4.099981491290044
ada,1041.6666666666665,1190.503455810568,15,9.0,199,64,11.567727110562188,135,-4.072822809373424
ada,1041.6666666666665,1213.2925512085865,15,9.5,182,62,11.688181775925052,120,-4.261455990823056
ada,1041.6666666666665,1228.6323551787577,15,10.0,168,59,12.19039187299503,109,-4.500924452549986
ada,1041.6666666666665,1204.1566958249696,15,10.5,159,56,12.155357755284268,103,-4.626634354086882
ada,1041.6666666666665,1248.7293092508662,15,11.0,143,53,12.972185079219654,90,-4.875516666086388
ada,1041.6666666666665,1192.5855071359285,15,11.5,138,46,14.434750447253945,92,-5.124054493888616
ada,1041.6666666666665,1187.4934501347238,15,12.0,130,41,16.109108746646726,89,-5.314382117728006
ada,1041.6666666666665,1187.475494655868,15,12.5,124,40,16.320188432087235,84,-5.539667174138364
ada,1041.6666666666665,1210.325560706061,15,13.0,116,40,16.30530549403975,76,-5.814298145467487
ada,1041.6666666666665,1213.7651844921734,15,13.5,109,38,16.99934024649233,71,-6.087461195415981
ada,1041.6666666666665,1221.5451230621452,15,14.0,102,37,17.35463880934421,65,-6.470407890516771
ada,1041.6666666666665,1286.0176585783963,15,14.5,92,32,20.950666461282708,60,-6.406727803044175
ada,1041.6666666666665,1300.501913732238,15,15.0,85,30,21.533670487411335,55,-6.281967288910936
ada,1041.6666666666665,1279.875039206744,15,15.5,81,31,20.436210901867334,50,-7.072949975022865
ada,1041.6666666666665,1233.459196383877,15,16.0,80,29,21.2155709242362,51,-7.486124714097488
ada,1041.6666666666665,1209.7872886756072,15,16.5,78,26,22.847307044446914,52,-7.389282586154076
ada,1041.6666666666665,1179.5276151882324,15,17.0,76,24,23.845555894804917,52,-7.553187043982418
ada,1041.6666666666665,1193.0858640363624,15,17.5,70,22,25.182336675913177,48,-7.519282142369334
ada,1041.6666666666665,1187.7312672401454,15,18.0,67,22,24.46385993527116,45,-7.788303363018244
ada,1041.6666666666665,1189.3567443012741,15,18.5,65,22,24.194968477496026,43,-7.975175865200914
ada,1041.6666666666665,1147.507005790228,15,19.0,65,22,23.011748539130842,43,-8.343057257457007
ada,1041.6666666666665,-208.74699551724444,16,2.0,2266,607,2.799198517160719,1659,-1.7527790810330326
ada,1041.6666666666665,237.2167162597509,16,2.5,1627,449,3.3389331819664925,1178,-1.9201734146376936
ada,1041.6666666666665,537.4720157587249,16,3.0,1202,348,3.972303619361497,854,-2.1602923229263205
ada,1041.6666666666665,730.9950853494798,16,3.5,940,283,4.58424885549119,657,-2.3840903207831468
ada,1041.6666666666665,900.8394828566031,16,4.0,745,236,5.150597854208285,509,-2.582910826594405
ada,1041.6666666666665,989.0988623508067,16,4.5,614,195,5.77468634901406,419,-2.713520228417504
ada,1041.6666666666665,1031.3017486678752,16,5.0,516,172,6.154627343598839,344,-2.986320216369546
ada,1041.6666666666665,931.697293884207,16,5.5,456,151,6.095489186092653,305,-3.2417100761173216
ada,1041.6666666666665,1009.9170909761099,16,6.0,383,136,6.423123199187158,247,-3.496468275762521
ada,1041.6666666666665,957.0265002313035,16,6.5,343,119,6.753176989852402,224,-3.779471256969341
ada,1041.6666666666665,986.0936061036346,16,7.0,303,110,6.582092698634992,193,-3.823505651534789
ada,1041.6666666666665,1064.415429167003,16,7.5,269,96,7.742539510222791,173,-3.9240945885224536
ada,1041.6666666666665,1125.99132323813,16,8.0,236,82,9.074781153060554,154,-4.013900852680743
ada,1041.6666666666665,1124.4207985033402,16,8.5,218,73,9.82865743420274,145,-4.090146166851438
ada,1041.6666666666665,1172.8183221503605,16,9.0,196,64,10.974418686324224,132,-4.011700558896891
ada,1041.6666666666665,1230.469210993466,16,9.5,178,61,12.044265523735769,117,-4.309666546618939
ada,1041.6666666666665,1253.1312729219,16,10.0,165,57,12.880036357976522,108,-4.453988884099649
ada,1041.6666666666665,1225.2903848991914,16,10.5,154,58,11.94325174181498,96,-4.8689397513132935
ada,1041.6666666666665,1229.3729107972026,16,11.0,143,52,13.183375194199316,91,-5.012775816496277
ada,1041.6666666666665,1185.8357265706306,16,11.5,137,43,15.348972300532944,94,-5.044362578215805
ada,1041.6666666666665,1185.4666081669302,16,12.0,129,40,16.476734470519347,89,-5.321379445548814
ada,1041.6666666666665,1201.557433056077,16,12.5,122,40,16.336488837070057,82,-5.511001468618614
ada,1041.6666666666665,1205.5339989965594,16,13.0,113,39,16.442814537013458,74,-5.888321188472501
ada,1041.6666666666665,1196.024794637386,16,13.5,108,39,15.726641032329448,69,-6.048031965557416
ada,1041.6666666666665,1251.7462614472554,16,14.0,100,36,18.391031676188746,64,-6.411419982742794
ada,1041.6666666666665,1309.8591178520087,16,14.5,87,32,20.91175195204861,55,-6.533035356609941
ada,1041.6666666666665,1313.8737551096197,16,15.0,82,32,20.31916431720984,50,-6.726790060821896
ada,1041.6666666666665,1268.2141116078042,16,15.5,80,29,21.65601066457488,51,-7.05510191499739
ada,1041.6666666666665,1243.1776951555992,16,16.0,78,27,22.453526638128853,51,-7.118971060272148
ada,1041.6666666666665,1206.8992000229384,16,16.5,77,24,24.577951390784875,53,-7.22587987463959
ada,1041.6666666666665,1206.2923132911424,16,17.0,72,23,25.032991499664266,49,-7.540132473492576
ada,1041.6666666666665,1188.8755423403625,16,17.5,69,22,24.889661697644783,47,-7.631851383145176
ada,1041.6666666666665,1193.2381020998569,16,18.0,66,22,24.353768499743026,44,-7.785109202147504
ada,1041.6666666666665,1193.4958460854696,16,18.5,64,22,23.991466738488644,42,-7.95991481336383
ada,1041.6666666666665,1175.692183723295,16,19.0,63,21,25.33205005885864,42,-8.482877797922304
ada,1041.6666666666665,-116.75544601734447,17,4.0,741,240,4.994115512801418,501,-2.6254354672448805
ada,1041.6666666666665,38.44734503681426,17,4.5,607,202,5.634038218214316,405,-2.7151317902283396
ada,1041.6666666666665,-0.4440873013405038,17,5.0,520,170,6.159450551754131,350,-2.993001945998694
ada,1041.6666666666665,-56.59537377008492,17,5.5,450,153,5.966884656737166,297,-3.26440648569317
ada,1041.6666666666665,14.481327465505728,17,6.0,378,134,6.4713277324118605,244,-3.494576183105261
ada,1041.6666666666665,-61.95127625100459,17,6.5,341,117,6.8156925829923924,224,-3.836550484201404
ada,1041.6666666666665,3.5507475587384896,17,7.0,301,110,6.640616136711673,191,-3.805848311411233
ada,1041.6666666666665,72.4834596198338,17,7.5,267,94,7.929136519102505,173,-3.889337417201166
ada,1041.6666666666665,91.89906719295831,17,8.0,239,80,9.224378239495717,159,-4.063215043815717
ada,1041.6666666666665,124.3107701963224,17,8.5,216,71,10.008288151165594,145,-4.04329440369955
ada,1041.6666666666665,184.18549481552998,17,9.0,193,65,10.893208155962988,128,-4.0927580884536265
ada,1041.6666666666665,220.77432814672596,17,9.5,177,60,12.215244737858132,117,-4.3772680010663425
ada,1041.6666666666665,257.0394785328114,17,10.0,163,57,12.905246386385903,106,-4.5147128819923115
ada,1041.6666666666665,228.7654961037534,17,10.5,151,57,12.209128842161375,94,-4.969732424462179
ada,1041.6666666666665,208.15135189512208,17,11.0,144,54,12.584683852794093,90,-5.238017512841766
ada,1041.6666666666665,195.33329401616217,17,11.5,132,41,15.850192448149226,91,-4.994775784153364
ada,1041.6666666666665,172.89688726649712,17,12.0,128,39,16.7354695789604,89,-5.39085872261751
ada,1041.6666666666665,196.9018241954526,17,12.5,118,41,15.41375418605582,77,-5.650157109517351
ada,1041.6666666666665,213.38091513853507,17,13.0,111,40,15.76672269903257,71,-5.877295673560111
ada,1041.6666666666665,213.63012189838312,17,13.5,106,39,15.700602238100677,67,-5.950647244590199
ada,1041.6666666666665,274.3079960081227,17,14.0,96,33,19.984926847842118,63,-6.114199840804242
ada,1041.6666666666665,304.915188686156,17,14.5,86,32,20.679637288506576,54,-6.608022306408417
ada,1041.6666666666665,297.1410927209601,17,15.0,81,31,20.574518829590005,50,-6.813379819926606
ada,1041.6666666666665,260.6656875452816,17,15.5,79,26,23.863569151489568,53,-6.788436045159382
ada,1041.6666666666665,248.68842862961048,17,16.0,77,26,23.249308546721956,51,-6.976344972258045
ada,1041.6666666666665,222.39244486797398,17,16.5,74,25,23.428677554153513,49,-7.41478559154824
ada,1041.6666666666665,192.009921405764,17,17.0,71,22,25.378615519578013,49,-7.475910612754127
ada,1041.6666666666665,191.2322704455453,17,17.5,69,22,24.744023168479373,47,-7.513537005553207
ada,1041.6666666666665,177.8568849360081,17,18.0,67,22,24.274702715132083,45,-7.91525721770884
ada,1041.6666666666665,189.15944047717224,17,18.5,64,22,24.01683649942189,42,-8.076451488335934
ada,1041.6666666666665,168.7149018857522,17,19.0,62,21,24.348004182816258,41,-8.355931364716811
ada,1041.6666666666665,205.7243039772093,17,19.5,57,20,26.349727008244354,37,-8.682979356423727
ada,1041.6666666666665,240.29231752668224,17,20.0,54,19,28.2854631966124,35,-8.48947094882724
ada,1041.6666666666665,-80.89121786110421,18,4.0,737,243,4.985536257019934,494,-2.616146818455361
ada,1041.6666666666665,-4.058301565737073,18,4.5,612,202,5.578385311511625,410,-2.758273498758745
ada,1041.6666666666665,-1.037468569269651,18,5.0,523,171,6.1504687198177015,352,-2.99081710130141
ada,1041.6666666666665,-70.58150631736643,18,5.5,453,156,5.855632683535138,297,-3.3133340233967945
ada,1041.6666666666665,26.27712915810023,18,6.0,378,138,6.232136003192573,240,-3.4739901636769783
ada,1041.6666666666665,-79.39790112069639,18,6.5,342,117,6.722084432643605,225,-3.848363465511103
ada,1041.6666666666665,8.541354498373455,18,7.0,302,107,7.066109084145479,195,-3.833499064129194
ada,1041.6666666666665,90.26238537491942,18,7.5,268,92,8.448483673586274,176,-3.9033983670171466
ada,1041.6666666666665,127.46016391796748,18,8.0,235,83,8.891786687063181,152,-4.0168298099228705
ada,1041.6666666666665,127.36033005166802,18,8.5,215,71,9.798868867423204,144,-3.946939996773469
ada,1041.6666666666665,148.1155330390192,18,9.0,195,64,10.918874650768892,131,-4.203759119161756
ada,1041.6666666666665,207.74536327303622,18,9.5,177,60,12.238084946715388,117,-4.500339602819546
ada,1041.6666666666665,243.40018934695806,18,10.0,161,56,12.869383664312668,105,-4.545574246233822
ada,1041.6666666666665,212.41241442058643,18,10.5,154,56,12.35820218524367,98,-4.8943562036026425
ada,1041.6666666666665,214.84848609432598,18,11.0,142,51,13.178684067591984,91,-5.0248835313501665
ada,1041.6666666666665,213.11869693029155,18,11.5,131,41,16.42242482121332,90,-5.113341341549497
ada,1041.6666666666665,195.90344238811133,18,12.0,124,41,16.033388602018597,83,-5.559825184272906
ada,1041.6666666666665,193.71017500359338,18,12.5,119,41,15.833915023933455,78,-5.8394915509958745
ada,1041.6666666666665,200.3405760424231,18,13.0,110,40,15.750543334989008,70,-6.138302247959106
ada,1041.6666666666665,256.8041774156021,18,13.5,101,38,16.98896051621369,63,-6.171052733341562
ada,1041.6666666666665,280.15528933033016,18,14.0,94,34,19.445444168064707,60,-6.34983020639783
ada,1041.6666666666665,289.3981060221016,18,14.5,86,31,21.180981991080717,55,-6.676587921843652
ada,1041.6666666666665,281.29877654300265,18,15.0,81,31,20.500678852642228,50,-7.08444535777813
ada,1041.6666666666665,240.5480520424238,18,15.5,79,26,23.793488752301755,53,-7.133635009762679
ada,1041.6666666666665,189.52556533226257,18,16.0,79,25,23.817184554259725,54,-7.516741639337602
ada,1041.6666666666665,222.5809000504888,18,16.5,72,24,24.287311328763135,48,-7.506553579996386
ada,1041.6666666666665,184.12847142212397,18,17.0,71,22,25.237188257813536,49,-7.573258576525996
ada,1041.6666666666665,188.172616295711,18,17.5,67,22,24.4152871929792,45,-7.754748932218474
ada,1041.6666666666665,184.92822987658698,18,18.0,64,22,23.389306480577066,42,-7.848488397526391
ada,1041.6666666666665,162.4896413294592,18,18.5,64,21,24.184911709383822,43,-8.032407082967467
ada,1041.6666666666665,161.11859683652327,18,19.0,62,20,25.287737660057008,42,-8.205622770586118
ada,1041.6666666666665,203.06422678573125,18,19.5,57,19,28.284182502439158,38,-8.79829580948981
ada,1041.6666666666665,231.66634878707552,18,20.0,54,19,28.204430540596125,35,-8.691938042407168
ada,1570.25,321.36324511714344,17,4.0,248,88,12.380293847462127,160,-4.800641334122025
ada,1570.25,318.5627518888363,17,4.5,205,75,13.065666261462814,130,-5.087401674775961
ada,1570.25,308.2773765211713,17,5.0,175,64,14.340800754738808,111,-5.491296142181192
ada,1570.25,292.7266312745174,17,5.5,153,56,16.088993064779874,97,-6.270690519104696
ada,1570.25,287.5096230540004,17,6.0,131,50,16.311071458219352,81,-6.519061109345277
ada,1570.25,238.65678824329692,17,6.5,118,44,17.95678206773356,74,-7.451913820769995
ada,1570.25,238.97558526548548,17,7.0,104,37,20.221655658126785,67,-7.600383195301576
ada,1570.25,297.0792935350988,17,7.5,91,32,24.00267046516428,59,-7.983155277121322
ada,1570.25,345.0811710530713,17,8.0,80,30,24.92399893860052,50,-8.052775942098888
ada,1570.25,310.3411099762686,17,8.5,77,27,27.537557042265917,50,-8.66345860329822
ada,1570.25,285.29366770146737,17,9.0,72,27,26.48129511939225,45,-9.548917789380514
ada,1570.25,348.2902282563721,17,9.5,64,26,27.776635910273093,38,-9.839534352913903
ada,1570.25,442.81844941285857,17,10.0,58,25,30.148792761929,33,-9.421253625314133
ada,1570.25,465.2749466891995,17,10.5,52,22,33.595119340690104,30,-9.127255960199424
ada,1570.25,404.9335290553556,17,11.0,48,18,39.458572696393716,30,-10.177359315991037
ada,1570.25,419.82080638126956,17,11.5,46,18,40.09998225132112,28,-10.784959790803951
ada,1570.25,393.75626052121964,17,12.0,45,18,39.96335946429001,27,-12.05867443837039
ada,1570.25,401.9646327699274,17,12.5,42,17,40.62359367724664,25,-11.545458389730616
ada,1570.25,397.01245358145627,17,13.0,40,16,41.43411450615132,24,-11.080557438206867
ada,1570.25,410.5742765880116,17,13.5,36,16,39.997053839163854,20,-11.468929241930503
ada,1570.25,387.2054045551242,17,14.0,34,15,41.053364100590564,19,-12.031318787038646
ada,1570.25,342.93048786132573,17,14.5,34,14,42.62770102906641,20,-12.692866327280196
ada,1570.25,349.95516664497495,17,15.0,33,13,47.59149233418069,20,-13.436711684968694
ada,1570.25,602.7747322137056,17,15.5,30,11,79.13164611578274,19,-14.088072371573924
ada,1570.25,582.7978607836271,17,16.0,30,11,78.21156399257977,19,-14.606807533407908
ada,1570.25,550.0365704906708,17,16.5,30,11,76.54071857810754,19,-15.363754414132222
ada,1570.25,588.3378285301966,17,17.0,28,11,76.29051734541488,17,-14.756344839374549
ada,1570.25,597.9993162876845,17,17.5,26,11,74.77475784671533,15,-14.968201335078968
ada,1570.25,586.2482370616401,17,18.0,25,11,74.99735877002999,14,-17.051622100620694
ada,1570.25,544.8921537637292,17,18.5,25,11,72.37288656507808,14,-17.94354274658068
ada,1570.25,524.8366856420228,17,19.0,25,10,78.6270927806195,15,-17.42894947761149
ada,1570.25,508.1598939739392,17,19.5,24,9,85.10014980635532,15,-17.18276361888393
ada,1570.25,515.7629094209864,17,20.0,23,9,84.7182621769358,14,-17.621532155102564
ada,1570.25,332.58293767316525,18,4.0,247,86,12.718835975204787,161,-4.728179852139418
ada,1570.25,391.0032068374675,18,4.5,199,76,13.182156421479098,123,-4.966184399958895
ada,1570.25,359.84839568075046,18,5.0,174,65,14.67824098179688,109,-5.4517180562940055
ada,1570.25,278.7442989560385,18,5.5,154,56,16.0434867863858,98,-6.323377153893533
ada,1570.25,271.0983177118485,18,6.0,133,52,15.749847626505394,81,-6.764120479832495
ada,1570.25,239.51447391558875,18,6.5,120,43,18.465132402191923,77,-7.201119732190442
ada,1570.25,241.59718662835627,18,7.0,104,37,20.48296080751663,67,-7.705557660444164
ada,1570.25,302.9759485193136,18,7.5,91,32,24.04062181057849,59,-7.903795752867764
ada,1570.25,346.0819704034053,18,8.0,79,30,24.7739094422389,49,-8.104802303342078
ada,1570.25,293.67389978747946,18,8.5,76,27,26.684328930923378,49,-8.710264925458201
ada,1570.25,301.5335263606546,18,9.0,70,27,26.401998448739466,43,-9.56559143617002
ada,1570.25,365.77834698788706,18,9.5,63,26,27.784751913212066,37,-9.638518993395316
ada,1570.25,465.71182213216076,18,10.0,56,24,31.84897875439103,32,-9.333239624163253
ada,1570.25,458.37620394939734,18,10.5,51,23,31.786507204889023,28,-9.7397664915375
ada,1570.25,435.83288864536837,18,11.0,48,19,38.31815008575391,29,-10.076274585653652
ada,1570.25,447.9483445043643,18,11.5,45,17,43.946284286936375,28,-10.683517441912647
ada,1570.25,391.33506300113834,18,12.0,45,17,42.28899527858421,28,-11.699209169099758
ada,1570.25,407.5868786131658,18,12.5,42,17,40.86979473560347,25,-11.48798527568372
ada,1570.25,376.83556988029636,18,13.0,41,16,41.585727451862795,25,-11.541442773980334
ada,1570.25,379.8497390859787,18,13.5,38,16,40.18022361872064,22,-11.956083582434166
ada,1570.25,381.8283753809027,18,14.0,34,15,40.8934685118087,19,-12.188086962959364
ada,1570.25,375.70896516692443,18,14.5,33,12,52.261019633740155,21,-11.97253668752178
ada,1570.25,343.0333325422788,18,15.0,33,12,51.63933928807436,21,-13.173273281648264
ada,1570.25,369.3264411951339,18,15.5,31,12,53.27017819772457,19,-14.206089325134782
ada,1570.25,577.3772449207172,18,16.0,30,11,78.18090561896675,19,-14.874353520416683
ada,1570.25,583.2451638404445,18,16.5,28,11,76.56700611857036,17,-15.234817850813492
ada,1570.25,613.3527910050695,18,17.0,26,11,75.74767767319408,15,-14.658110893337689
ada,1570.25,598.5573115775663,18,17.5,26,11,74.87156038413946,15,-15.001990176531192
ada,1570.25,582.6167717081088,18,18.0,25,11,74.99856174421272,14,-17.311957677016505
ada,1570.25,534.7835588060076,18,18.5,25,11,72.15720441288423,14,-18.496120695408496
ada,1570.25,512.6086740555525,18,19.0,25,9,86.56473069242644,16,-16.654618886017836
ada,1570.25,510.6112445844155,18,19.5,24,9,86.07501558213701,15,-17.604259710321184
ada,1570.25,486.2176250192631,18,20.0,24,9,84.7182621769358,15,-18.41644897154394
ada,1590.6666666666665,680.4379331020754,17,4.0,63,25,41.06260524574164,38,-9.108610474775412
ada,1590.6666666666665,758.9142742733569,17,4.5,52,21,50.09117139592835,31,-9.451623388423819
ada,1590.6666666666665,735.4336309754001,17,5.0,44,17,60.680378882715026,27,-10.967881852990942
ada,1590.6666666666665,861.5493323881728,17,5.5,35,15,70.39878461387342,20,-9.721621840996418
ada,1590.6666666666665,786.026417501488,17,6.0,33,15,65.83768171613967,18,-11.196600457811499
ada,1590.6666666666665,741.0741873067793,17,6.5,28,13,71.43033093542013,15,-12.501340990245504
ada,1590.6666666666665,670.1253084280253,17,7.0,26,12,70.40045465914353,14,-12.47715339154979
ada,1590.6666666666665,999.3119320529851,17,7.5,25,11,109.12766405116494,14,-14.363740893559223
ada,1590.6666666666665,916.4181470055314,17,8.0,25,9,129.04362239563574,16,-15.310903409699385
ada,1590.6666666666665,861.3311675485043,17,8.5,25,8,141.5758510502526,17,-15.957390638442167
ada,1590.6666666666665,875.4171862463185,17,9.0,24,7,169.8836155011002,17,-18.45694836831663
ada,1590.6666666666665,827.6514437185614,17,9.5,23,7,166.83469096992917,16,-21.26196206693392
ada,1590.6666666666665,1053.356281778117,17,10.0,19,6,218.5808685560967,13,-19.8560715044972
ada,1590.6666666666665,963.9510221188563,17,10.5,19,6,207.0021797923164,13,-21.389388971926344
ada,1590.6666666666665,886.7638427197097,17,11.0,18,5,231.5242159391869,13,-20.835172075094196
ada,1590.6666666666665,858.1882853224399,17,11.5,17,5,225.6270610154135,12,-22.49558497955229
ada,1590.6666666666665,938.2010355003334,17,12.0,13,5,230.06214601092944,8,-26.513711819289224
ada,1590.6666666666665,886.4137711387705,17,12.5,13,5,220.20573278151437,8,-26.826861596100187
ada,1590.6666666666665,1712.89128857447,17,13.0,11,4,473.2506488993198,7,-25.730186717544193
ada,1590.6666666666665,1853.5472783452205,17,13.5,10,4,507.7481501263879,6,-29.574220360055175
ada,1590.6666666666665,1786.1026848007205,17,14.0,9,4,483.8820172809512,5,-29.88507686461681
ada,1590.6666666666665,1714.5510044579523,17,14.5,9,4,467.03265963401947,5,-30.715926815625103
ada,1590.6666666666665,1657.7477331491207,17,15.0,9,4,453.6087499087851,5,-31.33745329720395
ada,1590.6666666666665,1617.9852025752148,17,15.5,9,4,445.0419579958336,5,-32.43652588162398
ada,1590.6666666666665,1528.5749742259104,17,16.0,8,4,416.1339933873337,4,-33.99024983085608
ada,1590.6666666666665,1551.3452586399128,17,16.5,6,3,540.5535823230178,3,-23.438496109713565
ada,1590.6666666666665,1545.719586462831,17,17.0,6,3,539.8692786620005,3,-24.629416507723516
ada,1590.6666666666665,1494.6360977294853,17,17.5,6,3,524.610578646125,3,-26.398546069629873
ada,1590.6666666666665,1457.338728375898,17,18.0,6,3,512.371873708613,3,-26.59229758331357
ada,1590.6666666666665,1356.5079026833519,17,18.5,6,3,481.52953223880985,3,-29.36023134435921
ada,1590.6666666666665,1348.4160500971668,17,19.0,6,3,481.52953223880985,3,-32.05751553975424
ada,1590.6666666666665,1330.476513646431,17,19.5,6,3,476.2632556436411,3,-32.77108442816418
ada,1590.6666666666665,1245.6941029861323,17,20.0,6,3,448.00245209020824,3,-32.77108442816418
ada,1590.6666666666665,664.6786661575433,18,4.0,64,26,39.01652198625437,38,-9.203971196975536
ada,1590.6666666666665,631.1653422659525,18,4.5,54,22,43.659934329989575,32,-10.292287906056819
ada,1590.6666666666665,713.6100344018705,18,5.0,44,17,59.46150307941872,27,-11.008722886972157
ada,1590.6666666666665,864.4358447890277,18,5.5,34,15,69.23030196386327,19,-9.158878140469552
ada,1590.6666666666665,821.8609199120693,18,6.0,31,15,66.01083286760996,16,-10.518848318880016
ada,1590.6666666666665,708.2155054471896,18,6.5,29,13,69.95330156376966,16,-12.573588430113496
ada,1590.6666666666665,697.0065628899553,18,7.0,26,12,73.23343775537526,14,-12.985335012467706
ada,1590.6666666666665,970.9894861572085,18,7.5,25,11,107.32798136003375,14,-14.972736343083026
ada,1590.6666666666665,906.6536465839177,18,8.0,25,9,128.8553104730866,16,-15.815259229616343
ada,1590.6666666666665,938.0965362279417,18,8.5,24,7,175.47682161098265,17,-17.073012649937453
ada,1590.6666666666665,876.5691000923158,18,9.0,24,7,170.30731064304672,17,-18.563651435824184
ada,1590.6666666666665,863.5425145987276,18,9.5,22,7,166.54781698085478,15,-20.152813617817056
ada,1590.6666666666665,827.9664541435665,18,10.0,20,6,185.96437431902652,14,-20.558556555042344
ada,1590.6666666666665,886.388393547578,18,10.5,19,6,194.78389349416184,13,-21.716535955184096
ada,1590.6666666666665,847.2730525652632,18,11.0,19,5,231.0707928190971,14,-22.005779395015868
ada,1590.6666666666665,862.2400357712243,18,11.5,17,5,225.6270610154135,12,-22.157939108820262
ada,1590.6666666666665,882.7518865572493,18,12.0,14,5,224.24133499759483,9,-26.494976492302744
ada,1590.6666666666665,879.2546144412405,18,12.5,13,5,220.316379719602,8,-27.790910519596174
ada,1590.6666666666665,1645.3161832590179,18,13.0,11,4,458.8949387525488,7,-27.180510250168222
ada,1590.6666666666665,1886.9066112242663,18,13.5,9,4,507.736290746422,5,-28.807710352284325
ada,1590.6666666666665,1804.4522671013342,18,14.0,9,4,488.0352723610251,5,-29.537764468553206
ada,1590.6666666666665,1744.0871170373916,18,14.5,9,4,474.58271208958195,5,-30.848746264187213
ada,1590.6666666666665,1655.1639549234392,18,15.0,9,4,453.6087499087851,5,-31.85420894234026
ada,1590.6666666666665,1614.622385687565,18,15.5,9,4,446.15595937826447,5,-34.00029036509858
ada,1590.6666666666665,1599.689021529168,18,16.0,6,4,416.4981909181979,2,-33.15187107181181
ada,1590.6666666666665,1547.197258027881,18,16.5,6,3,541.6070802654048,3,-25.874660922777746
ada,1590.6666666666665,1537.0303918927696,18,17.0,6,3,538.7420100338863,3,-26.398546069629873
ada,1590.6666666666665,1488.6547673194782,18,17.5,6,3,524.1190926994418,3,-27.900836926282484
ada,1590.6666666666665,1447.9146068324012,18,18.0,6,3,511.9984336218263,3,-29.36023134435921
ada,1590.6666666666665,1348.4160500971668,18,18.5,6,3,481.52953223880985,3,-32.05751553975424
ada,1590.6666666666665,1346.275343431937,18,19.0,6,3,481.52953223880985,3,-32.77108442816418
ada,1590.6666666666665,1296.0280598216957,18,19.5,6,3,465.5900558045809,3,-33.580702530682316
ada,1590.6666666666665,1238.6394312893794,18,20.0,6,3,448.00245209020824,3,-35.1226416604151

